,mov1,mov2,mov3,rot1,rot2,rot3,mov1_der,mov2_der,mov3_der,rot1_der,rot2_der,rot3_der,mov1^2,mov2^2,mov3^2,rot1^2,rot2^2,rot3^2,mov1_der^2,mov2_der^2,mov3_der^2,rot1_der^2,rot2_der^2,rot3_der^2
0,0.00121547168894016,0.0163553797678513,-0.0141616658128116,-0.000670546130428525,-0.0011240917285776,0.000289090470170956,0.0,0.0,0.0,0.0,0.0,0.0,1.4773714266150452e-06,0.0002674984473506396,0.00020055277859375682,4.496321130326685e-07,1.2635822142565766e-06,8.357329994366441e-08,0.0,0.0,0.0,0.0,0.0,0.0
1,0.00758711602001852,0.0234380157636467,-0.0178166651688692,-0.00186540955737675,0.000359972807501147,0.000642174286882342,0.00637164433107836,0.007082635995795401,-0.003654999356057599,-0.001194863426948225,0.001484064536078747,0.000353083816711386,5.756432950122167e-05,0.0005493405829369513,0.0003174335577395969,3.4797528167525223e-06,1.2958042214025785e-07,4.123878147328445e-07,4.0597851481763005e-05,5.016373264893672e-05,1.3359020292781465e-05,1.4276986090584563e-06,2.2024475472466264e-06,1.2466818162347963e-07
2,0.00847385392956428,0.00806884714248811,-0.0104281367323513,0.000396243948403078,-0.000111901851938636,0.000294553072175826,0.0008867379095457593,-0.01536916862115859,0.007388528436517898,0.002261653505779828,-0.000471874659439783,-0.000347621214706516,7.180620041959198e-05,6.510629420883855e-05,0.00010874603570861446,1.5700926664606113e-07,1.2522024467296413e-08,8.676151232821736e-08,7.863041202255832e-07,0.00023621134410560586,5.4590352457233617e-05,5.115076580206186e-06,2.226656942214112e-07,1.208405089140337e-07
3,0.0067009062400801,0.0128077053401614,-0.0109508340055466,0.00071615533171059,-9.92543691650911e-05,0.000201801940789591,-0.0017729476894841794,0.0047388581976732895,-0.0005226972731952988,0.000319911383307512,1.2647482773544899e-05,-9.2751131386235e-05,4.490214443834443e-05,0.00016403731608039885,0.00011992076541703577,5.128784591375052e-07,9.851429798360187e-09,4.072402330644559e-08,3.14334350964729e-06,2.2456777017655337e-05,2.732124394058008e-07,1.0234329316972588e-07,1.5995882050711497e-10,8.602772373426627e-09
4,0.00166358730938218,0.0146298189170173,-0.0123595674926389,0.000191367955587273,8.50095185445186e-05,0.00026298617284091,-0.0050373189306979205,0.0018221135768559,-0.001408733487092301,-0.000524787376123317,0.0001842638877096097,6.118423205131899e-05,2.767522735937441e-06,0.00021403160154471725,0.00015275890860509623,3.6621694425652496e-08,7.226618243170852e-09,6.916172710550897e-08,2.537458200956764e-05,3.320097886962602e-06,1.9845300376552344e-06,2.7540179013839584e-07,3.395318031385965e-08,3.74351025170965e-09
5,0.00362252700494815,0.0130355934235512,-0.0120948210740647,0.000339199593161042,7.15256036077974e-05,0.000357070153967675,0.00195893969556597,-0.0015942254934661008,0.00026474641857420107,0.00014783163757376897,-1.34839149367212e-05,9.408398112676502e-05,1.3122701901578613e-05,0.00016992669590413126,0.00014628469681363956,1.150563640006164e-07,5.115911971459761e-09,1.2749909485449914e-07,3.837444730864096e-06,2.5415549240172324e-06,7.009066614786607e-08,2.185419306774218e-08,1.8181596202073308e-10,8.851795504661477e-09
6,0.00816223983927597,0.0121398740563968,-0.0125071156617468,0.000597678314617301,-1.38468794956089e-05,0.000278457933299889,0.00453971283432782,-0.0008957193671543986,-0.00041229458768210145,0.000258478721456259,-8.53724831034063e-05,-7.8612220667786e-05,6.662215919386381e-05,0.0001473765421051761,0.00015642794217631212,3.5721936776377744e-07,1.9173607176591418e-10,7.753882061764543e-08,2.060899261816073e-05,8.023131846954763e-07,1.6998682703195403e-07,6.681124944566234e-08,7.2884608712413944e-09,6.179881238320681e-09
7,0.00442056374621691,0.00265752253805075,-0.00820696853048131,0.000404034566678628,-7.94365486140732e-05,9.80842987901144e-05,-0.00374167609305906,-0.00948235151834605,0.0043001471312654905,-0.00019364374793867298,-6.55896691184643e-05,-0.00018037363450977459,1.9541383834367283e-05,7.0624260402477e-06,6.735433246031056e-05,1.632439310711867e-07,6.3101652557160146e-09,9.620529669148437e-09,1.400013998536971e-05,8.991499031747964e-05,1.8491265350530827e-05,3.749790111573631e-08,4.30200469506963e-09,3.2534648026265744e-08
8,0.00666773211129288,0.0104654681905189,-0.015066167632478,0.000553523223751957,6.85474341788521e-05,0.000144976287053103,0.0022471683650759702,0.007807945652468149,-0.0068591991019966905,0.00014948865707332894,0.0001479839827929253,4.68919882629886e-05,4.445865150796621e-05,0.00010952602444676293,0.00022698940712992776,3.06387959232759e-07,4.698750732504061e-09,2.1018123807703718e-08,5.049765660998209e-06,6.096401531189627e-05,4.70486123208322e-05,2.2346858593587338e-08,2.1899259163256812e-08,2.1988585632562604e-09
9,0.00265549748747664,0.0136775551316457,-0.0140418973706894,0.000366121901470706,-0.000222374784029468,0.000172128066180414,-0.00401223462381624,0.003212086941126801,0.0010242702617886002,-0.00018740132228125097,-0.0002909222182083201,2.7151779127311006e-05,7.051666905994747e-06,0.00018707551437920764,0.00019717488176897388,1.3404524673652535e-07,4.945054457215254e-08,2.9628071167008982e-08,1.6098026676549845e-05,1.0317502517357329e-05,1.0491295691844876e-06,3.511925559276129e-08,8.463573704724942e-08,7.372191097782816e-10
10,0.00419559852253591,0.00374527659774137,-0.0120167837434993,0.000367553099038106,-0.000100825044789373,5.27659827372219e-05,0.0015401010350592705,-0.00993227853390433,0.0020251136271901005,1.4311975674000284e-06,0.00012154973924009501,-0.00011936208344319211,1.7603046962305515e-05,1.4027096793589172e-05,0.00014440309153802906,1.3509528061251577e-07,1.0165689656779072e-08,2.7842489342248e-09,2.371911198190636e-06,9.865015687505674e-05,4.101085203031045e-06,2.0483264769317587e-12,1.4774339109335093e-08,1.4247306963899555e-08
11,0.00755624363890695,0.00966294043945464,-0.0139183784625045,0.000471703875835102,-7.50349393767883e-06,0.000199148340552261,0.0033606451163710393,0.0059176638417132695,-0.0019015947190052004,0.00010415077679699599,9.332155085169417e-05,0.0001463823578150391,5.7096817930521744e-05,9.337241793644782e-05,0.00019372125902550913,2.2250454647785733e-07,5.630242127278295e-11,3.966006154471932e-08,1.1293935598188516e-05,3.501874534352065e-05,3.616062475348467e-06,1.0847384307417677e-08,8.708911853365341e-09,2.1427794679490137e-08
12,0.00389248306863923,0.00796821891472616,-0.0120189349795227,0.000421095104959217,-9.75222094598493e-05,0.000125403256596518,-0.0036637605702677196,-0.0016947215247284791,0.001899443482981801,-5.060877087588499e-05,-9.001871552217048e-05,-7.3745083955743e-05,1.5151424439643077e-05,6.349251267299975e-05,0.0001444547980419943,1.7732108742061398e-07,9.510581337930721e-09,1.5725976765012133e-08,1.3423141516248445e-05,2.872081046378021e-06,3.6078855450420355e-06,2.561247689567825e-09,8.103369144261455e-09,5.438337407639583e-09
13,0.0076249794214925,0.0126509150450471,-0.0152459867802989,0.000131663569087065,-0.000214267295691982,0.00020003115506657,0.00373249635285327,0.00468269613032094,-0.0032270518007762004,-0.00028943153587215203,-0.00011674508623213269,7.462789847005201e-05,5.81403111781841e-05,0.00016004565147699907,0.0002324401129050488,1.7335295424744338e-08,4.591047400315525e-08,4.0012462997266175e-08,1.3931529024062962e-05,2.1927643048922706e-05,1.0413863324892918e-05,8.377061395731283e-08,1.3629415159348097e-08,5.569323230056391e-09
14,-0.000818788089967254,0.0117637101337867,-0.0125854109854613,0.000438175763389303,6.36522112354968e-05,0.000413647916261824,-0.008443767511459754,-0.0008872049112603995,0.0026605757948376003,0.00030651219430223803,0.0002779195069274788,0.00021361676119525401,6.70413936272224e-07,0.00013838487611175592,0.00015839256967296997,1.9199799962179846e-07,4.051603995168306e-09,1.7110459862774898e-07,7.129720978758325e-05,7.871325545645735e-07,7.078663560075729e-06,9.394972525597292e-08,7.723925233081293e-08,4.563212066355018e-08
15,0.00455749294824682,0.0156273230419239,-0.0146288248100105,2.27501776064654e-05,-0.000121509341295373,-0.000124882111689385,0.005376281038214074,0.0038636129081371998,-0.0020434138245492006,-0.00041542558578283763,-0.0001851615525308698,-0.000538530027951209,2.0770741973319495e-05,0.00024421322545664566,0.00021400251532197875,5.175705811257198e-10,1.4764520022035439e-08,1.559554182000003e-08,2.8904397801860205e-05,1.492750470392439e-05,4.175540058358792e-06,1.725784173230138e-07,3.428480053564206e-08,2.9001459100512997e-07
16,0.00507015345268565,0.0158673800830386,-0.016009659055116,0.000574898524111452,-5.24648926263266e-05,0.000240701236580286,0.00051266050443883,0.0002400570411147003,-0.001380834245105501,0.0005521483465049865,6.90444486690464e-05,0.00036558334826967097,2.570645603378022e-05,0.00025177375069961006,0.00025630918306105777,3.305083130255257e-07,2.752564958291979e-09,5.793708529127881e-08,2.628207928114756e-07,5.7627382988744914e-08,1.906703212456079e-06,3.0486779654819067e-07,4.767135892012583e-09,1.3365118453206352e-07
17,0.00205626645850577,0.00549942271072529,-0.0126587113712114,0.000349678486863127,3.95853130478105e-05,0.0001708804928443,-0.0030138869941798803,-0.010367957372313311,0.0033509476839046013,-0.00022522003724832496,9.20502056741371e-05,-6.9820743735986e-05,4.2282317483758615e-06,3.0243650151241093e-05,0.0001602429735796368,1.2227504417488607e-07,1.5669970090931563e-09,2.9200142834710864e-08,9.083514813686634e-06,0.00010749454007410593,1.1228850380265611e-05,5.072406517813688e-08,8.473240364650942e-09,4.874936255846228e-09
18,0.00301463446096174,0.00751800227517083,-0.0180605323853928,0.000798289521908088,9.21821622859758e-06,0.00022413989609621,0.0009583680024559701,0.00201857956444554,-0.005401821014181402,0.00044861103504496104,-3.036709681921292e-05,5.325940325191e-05,9.088020933218082e-06,5.6520358209473776e-05,0.0003261828300438222,6.372661607882438e-07,8.49755104371798e-11,5.0238693022019815e-08,9.184692281314463e-07,4.074663457997147e-06,2.917967026925179e-05,2.0125186076411126e-07,9.221605692274515e-10,2.8365640347495614e-09
19,0.00182130056959965,0.0112450558694808,-0.0134963101227053,0.000276778950465685,0.000177637053878243,7.06927416185139e-05,-0.00119333389136209,0.0037270535943099703,0.004564222262687502,-0.000521510571442403,0.00016841883764964543,-0.00015344715447769612,3.31713576482401e-06,0.0001264512815077446,0.00018215038692823756,7.66065874208861e-08,3.155492291054181e-08,4.997463717541966e-09,1.4240457762733884e-06,1.3890928494858868e-05,2.0832124863212217e-05,2.7197327612618175e-07,2.8364904875257626e-08,2.3546029217301936e-08
20,0.000612122750198331,0.00811082709631811,-0.0185166748372381,0.00056662276269101,-8.48659830657185e-05,0.000160880221415965,-0.001209177819401319,-0.0031342287731626894,-0.005020364714532799,0.000289843812225325,-0.00026250303694396154,9.018747979745111e-05,3.746942613103683e-07,6.578551618636807e-05,0.00034286724702800657,3.210613551995926e-07,7.20223508171082e-09,2.5882445642849927e-08,1.4621109989321289e-06,9.823390002520898e-06,2.520406186692599e-05,8.400943548530946e-08,6.890784440480284e-08,8.133781512215653e-09
21,0.00186543411361111,0.0176047277730675,-0.0189559507026092,-0.000750776184434587,-0.000501288325487204,0.000250321486588524,0.001253311363412779,0.009493900676749389,-0.00043927586537110055,-0.0013173989471255971,-0.00041642234242148554,8.944126517255899e-05,3.4798444322240673e-06,0.00030992643996381416,0.0003593280670397502,5.63664879114157e-07,2.5128998526976503e-07,6.26608466478886e-08,1.5707893736595991e-06,9.013415005998251e-05,1.9296328589752925e-07,1.735539985887632e-06,1.7340756726779696e-07,7.999739915668014e-09
22,0.00539940390791232,0.00687279830248638,-0.0197140457927008,0.000307134001146641,-0.00017897488769186,0.000296063979875235,0.0035339697943012095,-0.01073192947058112,-0.0007580950900916011,0.001057910185581228,0.00032231343779534405,4.5742493286710995e-05,2.9153562560778828e-05,4.723535650665967e-05,0.0003886436015167041,9.433129466034485e-08,3.20320104243139e-08,8.765388017956355e-08,1.2488942507033333e-05,0.00011517431016152757,5.747081656209928e-07,1.119173960756508e-06,1.0388595218345311e-07,2.0923756920848006e-09
23,0.00353922322622361,0.00636140363675785,-0.0164204886275356,0.00036832917487543,-3.07379536932525e-05,0.000131887156089693,-0.0018601806816887097,-0.0005113946657285297,0.0032935571651652,6.1195173728789e-05,0.0001482369339986075,-0.000164176823785542,1.2526101045040658e-05,4.0467456229756004e-05,0.000269632446767026,1.3566638106441508e-07,9.448217972485349e-10,1.7394221941427048e-08,3.460272168527873e-06,2.6152450413559463e-07,1.084751880021103e-05,3.7448492876966675e-09,2.1974188601307517e-08,2.6954029468308906e-08
24,0.00354221044690133,0.0200082902996134,-0.0252905245623273,-0.00214789031869282,5.71362000766856e-05,0.00124683772175983,2.9872206777198894e-06,0.013646886662855552,-0.0088700359347917,-0.0025162194935682497,8.78741537699381e-05,0.001114950565670137,1.2547254850136918e-05,0.00040033168071360373,0.0006396106326376805,4.613432821134344e-06,3.2645453592030477e-09,1.5546043044032434e-06,8.923487377397275e-12,0.00018623751558882474,7.867753748449608e-05,6.3313605398128596e-06,7.721866900782726e-09,1.2431147638881584e-06
25,0.00170012175409611,0.0119703596060803,-0.0152980946240289,0.000681023432810664,-4.03832311842933e-05,2.02781886045602e-06,-0.0018420886928052198,-0.008037930693533101,0.009992429938298401,0.002828913751503484,-9.75194312609789e-05,-0.0012448099028993741,2.8904139787508337e-06,0.00014328950909887892,0.00023403169912574191,4.6379291603722105e-07,1.6308053608840791e-09,4.112049330821152e-12,3.3932907521608436e-06,6.460832983404152e-05,9.984865607180219e-05,8.002753013445517e-06,9.510039473464789e-09,1.5495516943563491e-06
26,0.000613141441458764,0.000608316035834937,-0.0114699302218852,0.000306708323029883,0.000114880989144974,0.00011048787722675,-0.0010869803126373461,-0.011362043570245364,0.0038281644021437005,-0.00037431510978078105,0.00015526422032926732,0.00010846005836629398,3.7594242723413084e-07,3.700483994539324e-07,0.00013155929929491546,9.406999541580306e-08,1.3197641666927635e-08,1.220757101407338e-08,1.1815262000611827e-06,0.000129096034092154,1.4654842689840236e-05,1.4011180141019817e-07,2.4106978114455266e-08,1.1763584260819896e-08
27,0.00122892558022829,0.0116812069753397,-0.0128862495431752,0.000596509623059862,-0.000120024991019752,0.000181846930345085,0.000615784138769526,0.011072890939504762,-0.0014163193212900008,0.000289801300029979,-0.000234905980164726,7.135905311833501e-05,1.510258081739439e-06,0.00013645059640072485,0.00016605542728898305,3.5582373040301864e-07,1.4405998469291546e-08,3.30683060759302e-08,3.7919010556012685e-07,0.00012260891375816667,2.0059604198593683e-06,8.398479349906591e-08,5.518081951715065e-08,5.092114461945358e-09
28,0.00249135665830584,0.00767575417560913,-0.00453820852858351,0.000233474424449233,-0.000119040492063278,0.000129961591224761,0.0012624310780775501,-0.00400545279973057,0.00834804101459169,-0.00036303519861062897,9.844989564740001e-07,-5.188533912032402e-05,6.206857998884842e-06,5.891720216438099e-05,2.0595336648908103e-05,5.451030687190061e-08,1.4170638750667351e-08,1.6890015193671872e-08,1.5937322268960455e-06,1.604365213086946e-05,6.968978878130505e-05,1.3179455543025883e-07,9.692381952983953e-13,2.6920884156310263e-09
29,0.00139002194313365,0.0176137423167021,0.00189980579930459,0.000367033393107956,-0.000151386320632074,0.000136779690505721,-0.0011013347151721902,0.00993798814109297,0.006438014327888099,0.00013355896865872301,-3.2345828568796e-05,6.818099280960014e-06,1.932161002393048e-06,0.00031024391839918226,3.609262075071352e-06,1.3471351165633938e-07,2.2917818074517113e-08,1.8708683734840823e-08,1.2129381548434093e-06,9.876360829250452e-05,4.144802848609245e-05,1.7837998109181756e-08,1.0462526258019396e-09,4.648647780502746e-11
30,0.00439477745720765,0.0118831450993835,-0.00292474969659692,0.000484154645687481,-0.000214202331543301,0.000156736439101005,0.003004755514074,-0.005730597217318601,-0.00482455549590151,0.00011712125257952498,-6.281601091122702e-05,1.9956748595283998e-05,1.931406889838054e-05,0.00014120913745300207,8.554160787743774e-06,2.3440572094077028e-07,4.588263883858625e-08,2.456631134206305e-08,9.028555699358108e-06,3.28397444671397e-05,2.3276335733033468e-05,1.3717387805796888e-08,3.945851226799392e-09,3.982718144953698e-10
31,0.00481044390832756,0.0134724329853588,-0.00558693684296016,0.000728191862995192,-5.12860677798818e-05,8.3009822704883e-05,0.00041566645111990996,0.0015892878859753,-0.00266218714636324,0.000244037217307711,0.0001629162637634192,-7.3726616396122e-05,2.314037059516573e-05,0.00018150645054498381,3.1213863287225635e-05,5.302633893324084e-07,2.63026074832263e-09,6.890630665496109e-09,1.727785985866205e-07,2.5258359845078383e-06,7.087240402261651e-06,5.9554163431290966e-08,2.654170899863198e-08,5.435613965220926e-09
32,-0.00166770370894,0.0159207972686549,-0.015273784074571,0.000391097309958096,-0.000413227920126309,0.000365253725690593,-0.00647814761726756,0.0024483642832961016,-0.00968684723161084,-0.000337094553037096,-0.00036194185234642717,0.00028224390298571,2.781235660812232e-06,0.00025347178566960935,0.00023328847995661873,1.5295710585645902e-07,1.707573139719152e-07,1.3341028413085897e-07,4.1966396551109364e-05,5.994487663720034e-06,9.383500928856659e-05,1.1363273768727954e-07,1.310019044799629e-07,7.966162077260689e-08
33,0.00280979187344763,0.0165417421830413,-0.00947502479289977,0.000218161452569593,1.36325447418316e-05,0.000232878119112197,0.00447749558238763,0.0006209449143863982,0.00579875928167123,-0.000172935857388503,0.00042686046486814055,-0.00013237560657839602,7.894930372092343e-06,0.0002736292344502079,8.977609482606534e-05,4.759441938727477e-08,1.858462761380404e-10,5.423221836123461e-08,2.004796669030074e-05,3.855725867023314e-07,3.362560920676824e-05,2.990681077069665e-08,1.8220985646744505e-07,1.7523301216998285e-08
34,0.000343635294798317,0.0144001130860257,-0.00424343976170033,0.000416870990254506,-0.000203331127924714,0.000164361723735415,-0.002466156578649313,-0.0021416290970155995,0.00523158503119944,0.00019870953768491302,-0.0002169636726665456,-6.8516395376782e-05,1.1808521583112624e-07,0.0002073632568903286,1.8006781011179357e-05,1.7378142251577245e-07,4.1343547583136405e-08,2.701477622927688e-08,6.0819282704152854e-06,4.586575189183852e-06,2.7369481938670048e-05,3.9485480366951865e-08,4.707323525695595e-08,4.6944964354275145e-09
35,-0.00153481950803202,0.0113442468831919,-0.00228833450530747,0.000273949983779359,3.94552758344454e-05,0.000108034556489872,-0.001878454802830337,-0.003055866202833799,0.0019551052563928605,-0.00014292100647514703,0.0002427864037591594,-5.6327167245542994e-05,2.355670922235652e-06,0.00012869193734680914,5.236474808180783e-06,7.504859361271104e-08,1.5567187911721711e-09,1.1671465395963344e-08,3.5285924462763605e-06,9.338318249621862e-06,3.822436563574993e-06,2.042641409186902e-08,5.894523785030557e-08,3.1727497699073717e-09
36,0.000385670181935777,0.00709036952263546,-0.00798015705365968,0.000526157799935307,9.49608525299249e-05,0.000137910213090452,0.0019204896899677971,-0.00425387736055644,-0.005691822548352211,0.000252207816155948,5.5505576695479495e-05,2.9875656600580013e-05,1.4874148923437534e-07,5.02733399675178e-05,6.368290660107436e-05,2.768420304327625e-07,9.017563513210144e-09,1.901922687465388e-08,3.6882806492726056e-06,1.8095472598654627e-05,3.2396843921930655e-05,6.360878253015247e-08,3.0808690442977565e-09,8.925548573157801e-10
37,0.00162788423759107,0.00872522697735834,-0.00622221436737676,0.000186749628139575,-7.77196848374049e-05,0.000127502342015135,0.001242214055655293,0.0016348574547228791,0.0017579426862829204,-0.00033940817179573196,-0.0001726805373673298,-1.0407871075317004e-05,2.6500070909974594e-06,7.612958580642174e-05,3.871595163358978e-05,3.487542361026954e-08,6.040349411225546e-09,1.625684721934446e-08,1.5430957600675714e-06,2.6727588972629706e-06,3.0903624882556104e-06,1.1519790708172111e-07,2.981856798546979e-08,1.0832378032042033e-10
38,-0.00532613828940086,0.00407850034642194,-0.00746022483420294,0.00154419539543194,-0.0022788521831564,0.000289499231677111,-0.00695402252699193,-0.004646726630936399,-0.0012380104668261796,0.001357445767292365,-0.0022011324983189948,0.000161996889661976,2.836774907782192e-05,1.6634165075763887e-05,5.565495457685828e-05,2.3845394192732056e-06,5.19316727267669e-06,8.38098051416376e-08,4.835842930591123e-05,2.1592068382653536e-05,1.5326699159711751e-06,1.8426590111399574e-06,4.844984275156019e-06,2.6242992260154427e-08
39,0.00209834246287223,0.0111221864486865,-0.00595233798616751,0.000273274412465868,-2.36399038560295e-05,0.000280862685609783,0.00742448075227309,0.00704368610226456,0.00150788684803543,-0.0012709209829660719,0.0022552122793003705,-8.636546067327983e-06,4.403041091492696e-06,0.00012370303139934563,3.5430327501572687e-05,7.467890450856534e-08,5.588450543223184e-10,7.888384816793982e-08,5.512291444087359e-05,4.961351390723491e-05,2.273722746478224e-06,1.6152401449434462e-06,5.0859824247071724e-06,7.458992797307845e-11
40,0.00179067579558153,0.00539575896896602,-0.00253732193539058,0.000217993219613611,-4.25591746313595e-05,9.0069865047473e-05,-0.0003076666672907002,-0.00572642747972048,0.00341501605077693,-5.528119285225699e-05,-1.891927077533e-05,-0.00019079282056231,3.2065198048815453e-06,2.9114214851177247e-05,6.438002603814199e-06,4.752104379750803e-08,1.811283345302554e-09,8.11258058967e-09,9.465877816176641e-08,3.2791971680497855e-05,1.1662334627064059e-05,3.0560102831684294e-09,3.579388066702558e-10,3.6401900378121826e-08
41,-0.000826444539501716,0.0121519547877454,-0.00452533773974785,0.000251008243159747,-0.000113104303803651,0.000235262363814611,-0.002617120335083246,0.00675619581877938,-0.0019880158043572697,3.3015023546135997e-05,-7.05451291722915e-05,0.00014519249876713798,6.830105768722035e-07,0.00014767000516340833,2.0478681658786176e-05,6.300513813414267e-08,1.2792583538908581e-08,5.5348379827638386e-08,6.849318848306242e-06,4.5646181941691974e-05,3.952206838374282e-06,1.0899917797519142e-09,4.976615249935293e-09,2.1080861698245364e-08
42,-0.00575233832141553,0.00359278965606896,-0.00334477728381111,0.00057647405960836,-0.00120705049144845,-0.000156748014384499,-0.004925893781913814,-0.00855916513167644,0.0011805604559367395,0.000325465816448613,-0.001093946187644799,-0.00039201037819911,3.308939616402563e-05,1.2908137512756115e-05,1.1187535078298828e-05,3.32322341401343e-07,1.4569708889059446e-06,2.4569940013483105e-08,2.4264429550697177e-05,7.325930775130576e-05,1.3937229901215622e-06,1.0592799767656227e-07,1.1967182614625897e-06,1.5367213661580925e-07
43,-0.00293360824944262,0.00652175726609171,-0.00304702379375894,0.000220447354718598,-0.000429472721520987,0.000893299335367911,0.0028187300719729096,0.00292896761002275,0.0002977534900521703,-0.000356026704889762,0.0007775777699274629,0.0010500473497524101,8.606057361197794e-06,4.2533317837820015e-05,9.284353999733123e-06,4.8597036202427375e-08,1.8444681853064328e-07,7.979837025687516e-07,7.945239218644404e-06,8.57885126056238e-06,8.865714083824787e-08,1.267550145946617e-07,6.046271882853665e-07,1.1025994367220603e-06
44,0.00202360038714034,0.00887318320702331,-0.00357010235663581,0.000275072470533587,-6.96006283966162e-05,0.000174562552148165,0.00495720863658296,0.0023514259409316,-0.0005230785628768703,5.462511581498899e-05,0.00035987209312437086,-0.000718736783219746,4.094958526834534e-06,7.873338022540047e-05,1.2745630836856565e-05,7.566486404545108e-08,4.844247473203857e-09,3.047208461248083e-08,2.4573917466612692e-05,5.52920395568606e-06,2.7361118294133193e-07,2.98390327780096e-09,1.2950792340971585e-07,5.165825635530682e-07
45,0.00179210427966845,0.0126432759863129,-0.0035386694231129,-0.000344378926371762,-0.00042503543681049,-0.000288975970890651,-0.0002314961074718902,0.0037700927792895904,3.143293352291009e-05,-0.000619451396905349,-0.0003554348084138738,-0.000463538523038816,3.2116377492059738e-06,0.00015985242766607645,1.2522181286074185e-05,1.1859684492896748e-07,1.8065512254468403e-07,8.350711175219436e-08,5.359044777463694e-08,1.4213599564451509e-05,9.880293098556849e-10,3.837200331279882e-07,1.2633390303220715e-07,2.1486796234100698e-07
46,0.000865283274136281,0.00253958417801326,-0.00334819336914535,0.000129300233234303,-3.64947550996264e-05,2.3098381358719e-05,-0.000926821005532169,-0.01010369180829964,0.00019047605396755023,0.000473679159606065,0.0003885406817108636,0.00031207435224937,7.487151445000023e-07,6.449487797215286e-06,1.121039883718889e-05,1.671855031444515e-08,1.3318671497817072e-09,5.335352213928174e-10,8.589971762956608e-07,0.00010208458815710126,3.628112713504911e-08,2.2437194624510797e-07,1.509638613443426e-07,9.739040133186387e-08
47,0.00144474297134803,0.00613053706539904,-0.00226251869036848,0.000422540860737344,-7.17356967279974e-05,8.03787853530927e-05,0.000579459697211749,0.0035909528873857796,0.0010856746787768698,0.000293240627503041,-3.5240941628371e-05,5.7280403994373694e-05,2.0872822532595345e-06,3.758348471023147e-05,5.118990824266702e-06,1.785407789926555e-07,5.146010185051217e-09,6.460749134838549e-09,3.3577354069273184e-07,1.2894942639424268e-05,1.1786895081372595e-06,8.599006561837725e-08,1.241923966854252e-09,3.281044681758662e-09
48,0.00115657049285882,0.00776896903650504,-0.00331395369604793,-0.000330388532675212,-0.000660654930460234,0.000644016344949665,-0.00028817247848921,0.0016384319711060004,-0.0010514350056794498,-0.0007529293934125561,-0.0005889192337322366,0.0005636375595965724,1.3376553049516936e-06,6.035687989017405e-05,1.0982289099549736e-05,1.0915658252327964e-07,4.3646493714141664e-07,4.1475705256232595e-07,8.30433773586142e-08,2.684459323942294e-06,1.1055155711681446e-06,5.669026714645997e-07,3.468258638597647e-07,3.176872985879797e-07
49,0.00125918913525684,0.00756328656334424,-0.000937325786209573,0.000108401083418226,-6.92779301508721e-05,3.65901180590717e-05,0.00010261864239802005,-0.00020568247316080004,0.002376627909838357,0.000438789616093438,0.0005913770003093619,-0.0006074262268905933,1.5855572783488685e-06,5.720330363926353e-05,8.785796294933941e-07,1.1750794886245192e-08,4.799431605989114e-09,1.3388367395768052e-09,1.0530585767612718e-08,4.230527976554323e-08,5.648360221822638e-06,1.925363271914267e-07,3.4972675649489904e-07,3.6896662111454254e-07
50,-0.00717274652381699,0.0189345163611696,-0.0125145016818365,-0.00229881960328199,-0.00245882058635056,0.000354647641957648,-0.00843193565907383,0.01137122979782536,-0.011577175895626927,-0.002407220686700216,-0.002389542656199688,0.0003180575238985763,5.1448292694928705e-05,0.00035851590983139925,0.00015661275234468857,5.284571568433566e-06,6.045798675861312e-06,1.2577494994612008e-07,7.109753895876083e-05,0.00012930486711495138,0.00013403100171828513,5.79471143447746e-06,5.70991410579786e-06,1.0116058850849342e-07
51,0.00164446490509415,0.00491089898978464,-0.00477436744234269,-0.000483210170283796,-0.000125040061517713,0.000192968947515922,0.00881721142891114,-0.01402361737138496,0.007740134239493809,0.001815609432998194,0.002333780524832847,-0.000161678694441726,2.7042648240863118e-06,2.41169288878678e-05,2.279458447450188e-05,2.3349206866569512e-07,1.563501698435345e-08,3.7237014705402655e-08,7.774321738212122e-05,0.00019666184417901,5.990967804538441e-05,3.296437613192024e-06,5.446531538089079e-06,2.6140000236381003e-08
52,-0.000743298284514064,0.0137295983875442,-0.00288104698790404,-0.000508202226584497,-8.93830694548086e-05,0.000180765456014065,-0.002387763189608214,0.00881869939775956,0.0018933204544386499,-2.4992056300700966e-05,3.56569920629044e-05,-1.2203491501857e-05,5.524923397615504e-07,0.0001885018718832563,8.300431746510942e-06,2.582695031054404e-07,7.989333105163137e-09,3.2676150087972864e-08,5.701413049647992e-06,7.776945906804484e-05,3.5846623431957756e-06,6.246028781374068e-10,1.2714210829740274e-09,1.4892520483589604e-10
53,0.000516613024523667,0.00564965236466359,0.00363550982041003,-6.24530258803549e-05,-2.95452803577968e-05,4.96838438236493e-05,0.001259911309037731,-0.008079946022880612,0.00651655680831407,0.00044574920070414206,5.98377890970118e-05,-0.0001310816121904157,2.66889017107491e-07,3.1918571841548894e-05,1.321693165429777e-05,3.900380441612279e-09,8.729235914208133e-10,2.4684843370927745e-09,1.587376506641169e-06,6.528552773266422e-05,4.246551263598446e-05,1.9869234992838153e-07,3.5805610040184647e-09,1.718238905443854e-08
54,6.32101612591481e-05,0.0116605486934941,0.000189922245223211,8.26826097816748e-05,-0.000111669380306964,0.000263832984543463,-0.00045340286326451894,0.0060108963288305105,-0.003445587575186819,0.0001451356356620297,-8.21240999491672e-05,0.00021414914071981372,3.995524486407507e-09,0.00013596839583334699,3.607045923062549e-08,6.836413960308705e-09,1.247005049814136e-08,6.96078437331112e-08,2.0557415641646407e-07,3.6130874675948107e-05,1.1872073738281785e-05,2.1064352739021426e-08,6.744367792460805e-09,4.585985447103458e-08
55,0.00197031588731572,0.0125580660692577,-0.00384087333355024,0.000767785349754891,0.000340385231018717,0.000762479948184221,0.0019071057260565717,0.0008975173757635995,-0.00403079557877345,0.0006851027399732161,0.00045205461132568096,0.000498646963640758,3.882144695808732e-06,0.00015770502339984154,1.4752307964377331e-05,5.894943432982402e-07,1.1586210549566533e-07,5.813756713830123e-07,3.6370522503577635e-06,8.055374397975783e-07,1.6247312997859593e-05,4.6936576431880813e-07,2.0435337162081247e-07,2.486487943481474e-07
56,0.000210252233733063,0.00265209017633017,-0.00307262861900834,0.000157689215115391,-6.03710811864432e-05,2.9334587671716e-05,-0.0017600636535826568,-0.00990597589292753,0.0007682447145419,-0.0006100961346394999,-0.00040075631220516016,-0.000733145360512505,4.420600178974256e-08,7.033582303386991e-06,9.441046630349098e-06,2.4865888563708056e-08,3.6446674436201156e-09,8.605180338695922e-10,3.0978240646627307e-06,9.812835839126136e-05,5.901999414215654e-07,3.7221729350205883e-07,1.606056217722798e-07,5.375021196410109e-07
57,0.00430468934958024,0.0056946462427364,-0.000866789554768247,3.19763907176131e-05,-2.31598025477376e-05,0.000144509770294934,0.004094437115847178,0.00304255606640623,0.0022058390642400926,-0.0001257128243977779,3.7211278638705594e-05,0.000115175182623218,1.853035039638955e-05,3.242899582991179e-05,7.51324132255336e-07,1.0224895633254534e-09,5.36376454050193e-10,2.0883073710694593e-08,1.6764415295626953e-05,9.257147417225352e-06,4.865725977327607e-06,1.5803714218066543e-08,1.3846792579273873e-09,1.3265322692291618e-08
58,0.00482111120744072,0.00941584592137877,-5.77416475938767e-05,0.000197694069813604,-3.68407220185067e-06,0.000180533779622589,0.0005164218578604801,0.0037211996786423694,0.0008090479071743704,0.0001657176790959909,1.947573034588693e-05,3.6024009327655e-05,2.324311327451052e-05,8.86581544151452e-05,3.3340978668554466e-09,3.908294523946613e-08,1.3572387988448843e-11,3.259244558481753e-08,2.666915352760699e-07,1.3847327048328074e-05,6.545585161032286e-07,2.746234916496182e-08,3.7930407250570105e-10,1.2977292480389746e-09
59,0.000567913819605869,0.00218629309972998,0.00289733740495976,-1.98928716648522e-06,7.25191512744886e-06,7.54274809137305e-07,-0.004253197387834851,-0.007229552821648789,0.0029550790525536366,-0.0001996833569800892,1.093598732929953e-05,-0.0001797795048134517,3.2252610649932754e-07,4.7798775179269245e-06,8.394564038178957e-06,3.957263430742795e-12,5.259027301572161e-11,5.689304876991179e-13,1.80896880198852e-05,5.2266434001009966e-05,8.732492206841298e-06,3.987344305483774e-08,1.1959581886659986e-10,3.2320670350969904e-08
60,-0.00116306203124346,0.0068975817921698,-0.000177886006908573,0.000165069172381274,-4.03625256337049e-05,-3.63706510825794e-05,-0.001730975850849329,0.00471128869243982,-0.003075223411868333,0.0001670584595477592,-4.761444076115376e-05,-3.71249258917167e-05,1.352713288520163e-06,4.757663457967235e-05,3.164343145387688e-08,2.724783167063875e-08,1.6291334755314853e-09,1.322824260170734e-09,2.9962773962235584e-06,2.219624114351131e-05,9.456999032903112e-06,2.79085289064703e-08,2.2671349689974205e-09,1.3782601224654572e-09
61,-0.00193208837894698,0.00978174789354992,-0.00326325832463036,0.000135971022967916,-3.93376178865067e-05,0.000414715623707747,-0.00076902634770352,0.00288416610138012,-0.003085372317721787,-2.9098149413357986e-05,1.0249077471981985e-06,0.00045108627479032635,3.732965504061969e-06,9.56825918529683e-05,1.0648854893269345e-05,1.8488119086941544e-08,1.5474481809848121e-09,1.7198904854730558e-07,5.914015234622152e-07,8.3184141003502e-06,9.519522338963913e-06,8.467022992821058e-10,1.0504358902668864e-12,2.0347882730421381e-07
62,0.00632342029944145,-0.00197053764423482,0.010817886764828,0.0021125911935866,0.000391683361750264,-0.00133472943981008,0.00825550867838843,-0.01175228553778474,0.01408114508945836,0.001976620170618684,0.0004310209796367707,-0.001749445063517827,3.9985644283388194e-05,3.883018607346515e-06,0.00011702667405664081,4.463041551219655e-06,1.5341585587198818e-07,1.7815026774957301e-06,6.81534235389467e-05,0.00013811621536162434,0.0001982786470303773,3.907027298896635e-06,1.857790848870415e-07,3.0605580302668937e-06
63,0.00263958399796813,0.00110024590089554,0.00129587287951718,8.52834202039557e-06,-0.000131287513532889,6.03151730678783e-05,-0.0036838363014733196,0.00307078354513036,-0.00952201388531082,-0.002104062851566204,-0.000522970875283153,0.0013950446128779583,6.967403682329417e-06,1.2105410424374382e-06,1.6792865198681476e-06,7.27326176168448e-11,1.7236411209648508e-08,3.6379201022081117e-09,1.3570649896052627e-05,9.429711581043381e-06,9.066874843205207e-05,4.427080483340906e-06,2.734985363944272e-07,1.9461494719198124e-06
64,0.000563904380212102,0.000760260644325442,0.000148526250505813,-1.11550769476687e-05,-7.33352520176289e-05,7.0287404605685e-05,-0.002075679617756028,-0.00033998525657009796,-0.001147346629011367,-1.968341896806427e-05,5.7952261515260094e-05,9.972231537806701e-06,3.179881500223949e-07,5.779962473101362e-07,2.206004708931552e-08,1.2443574170840963e-10,5.3780591884891425e-09,4.940319246203269e-09,4.308445875567811e-06,1.1558997468503534e-07,1.3164042871037471e-06,3.874369822723523e-10,3.358464614733096e-09,9.94454018436266e-11
65,0.00268113971736085,0.00191950185952775,-0.000269002217964575,-0.000195274963991066,0.000175538495540442,4.98984461405543e-05,0.002117235337148748,0.001159241215202308,-0.00041752846847038804,-0.00018411988704339732,0.0002488737475580709,-2.0388958465130703e-05,7.188510184009818e-06,3.6844873887304906e-06,7.236219326986072e-08,3.8132311561712126e-08,3.0813763416601774e-08,2.489854927241798e-09,4.4826854728713726e-06,1.343840195023724e-06,1.7433002198322782e-07,3.3900132804873386e-08,6.193814222359839e-08,4.1570962729282496e-10
66,0.00395285085463663,0.00141758347029607,0.00307113020851037,0.000546530013846252,0.000227900581368796,0.000159147312334638,0.0012717111372757797,-0.0005019183892316802,0.003340132426474945,0.000741804977837318,5.2362085828354e-05,0.0001092488661940837,1.5625029879001532e-05,2.0095428952566487e-06,9.431840757624948e-06,2.9869505603478437e-07,5.193867498823521e-08,2.532786702333882e-08,1.617249216671257e-06,2.519220694489244e-07,1.1156484626389405e-05,5.502746251442239e-07,2.7417880322959105e-09,1.1935314764692805e-08
67,0.00315978910296999,0.0018491274897984,0.0043438939162998,8.16092990763322e-05,-0.000108185802258361,4.86333718915639e-05,-0.0007930617516666398,0.00043154401950233016,0.0012727637077894296,-0.00046492071476991975,-0.000336086383627157,-0.0001105139404430741,9.984267175247893e-06,3.4192724735281323e-06,1.886941435606641e-05,6.6600776957302365e-09,1.170416781028519e-08,2.3652048615431573e-09,6.28946941956559e-07,1.862302407682275e-07,1.6199274558658965e-06,2.161512710221731e-07,1.1295405725958054e-07,1.2213331032255329e-08
68,0.00164925762370975,0.00180425790099122,0.00243940096316067,-5.0942599250986e-05,-0.000169021015130799,5.98523369829131e-05,-0.0015105314792602399,-4.4869588807179995e-05,-0.0019044929531391295,-0.0001325518983273182,-6.0835212872438e-05,1.1218965091349203e-05,2.7200507093647314e-06,3.2553465732892434e-06,5.9506770590692055e-06,2.5951484184465594e-09,2.8568103555845785e-08,3.582302242316187e-09,2.2817053498361286e-06,2.0132799997254123e-09,3.6270934085566025e-06,1.7570005750175702e-08,3.7009231252348463e-09,1.2586517772091202e-10
69,0.00145773167704436,0.00204950314725438,-0.00281835500458038,7.14760849857698e-05,2.50566809982549e-05,5.34032577410465e-05,-0.00019152594666539007,0.0002452452462631599,-0.00525775596774105,0.0001224186842367558,0.00019407769612905392,-6.4490792418666005e-06,2.124981642258562e-06,4.2004631506056084e-06,7.943124931843274e-06,5.108830724892987e-09,6.278372626483081e-10,2.851907937356643e-09,3.668218824607384e-08,6.014523081467793e-08,2.7643997816316622e-05,1.4986334250258525e-08,3.766615213476139e-08,4.1590623067874686e-11
70,0.00184981251096637,0.00953427328928401,-0.0020166817793317,8.5000427582205e-05,2.69350411566808e-05,5.55317676609129e-06,0.00039208083392201017,0.007484770142029629,0.0008016732252486801,1.3524342596435204e-05,1.878360158425901e-06,-4.785008097495521e-05,3.421806325727707e-06,9.090236715475452e-05,4.067005399088472e-06,7.2250726891576765e-09,7.254964421120886e-10,3.0837772195456116e-11,1.5372738032897893e-07,5.6021784079018236e-05,6.42679960080621e-07,1.8290784266575171e-10,3.5282368847617762e-12,2.28963024930977e-09
71,0.00282000339259276,0.00603734706798996,0.00559792535114726,-6.41134274877791e-05,-0.000157447891040546,9.69403547178871e-05,0.0009701908816263901,-0.003496926221294049,0.00761460713047896,-0.0001491138550699841,-0.0001843829321972268,9.138717795179582e-05,7.952419134234677e-06,3.644955961936697e-05,3.133676823701717e-05,4.110531584230709e-09,2.4789838393115644e-08,9.397432372829777e-09,9.41270346790992e-07,1.2228492997173877e-05,5.798224175154102e-05,2.223494177383222e-08,3.399706568564713e-08,8.351616293993196e-09
72,0.00454296928178684,0.00402280778513721,0.00552586411416316,-0.000278470231742727,-0.00015884705846605,8.57408142167407e-05,0.0017229658891940803,-0.00201453928285275,-7.206123698409988e-05,-0.00021435680425494792,-1.3991674255040075e-06,-1.1199540501146402e-05,2.063856989525884e-05,1.618298247616055e-05,3.053517420819621e-05,7.754566996684809e-08,2.523238798331671e-08,7.351487222549645e-09,2.968611455326348e-06,4.058368522156872e-06,5.1928218756786045e-09,4.594883953039406e-08,1.9576694845915124e-12,1.2542970743681862e-10
73,0.00075184845002291,0.0044487423496346,0.00320774849266346,-4.37488267960681e-05,-2.49536503834155e-05,7.89803115907027e-05,-0.0037911208317639306,0.00042593456449739,-0.0023181156214997,0.0002347214049466589,0.0001338934080826345,-6.760502626038009e-06,5.652760918018523e-07,1.9791308493432382e-05,1.0289650392184698e-05,1.9139598460323664e-09,6.226846674577324e-10,6.237889618964487e-09,1.4372597161034437e-05,1.8142025323358128e-07,5.373660034640941e-06,5.509413794013343e-08,1.792744472798289e-08,4.570439575666681e-11
74,0.00123361177580431,-0.000103397317220069,0.00145537567892567,-8.92317063262699e-05,-3.68664290315567e-05,2.03540161984636e-05,0.0004817633257814,-0.004552139666854669,-0.0017523728137377897,-4.5482879530201805e-05,-1.1912778648141204e-05,-5.8626295392239095e-05,1.5217980134030632e-06,1.0691005208307578e-08,2.1181183668083553e-06,7.962297413897677e-09,1.3591335895388068e-09,4.142859754073186e-10,2.3209590206795531e-07,2.0721975546551737e-05,3.070810478327298e-06,2.0686923303588504e-09,1.4191429511960898e-10,3.437042511418075e-09
75,0.00202926190783055,0.00487291723446175,0.0053097658408088,5.10604534235954e-05,-4.6281878835646e-05,0.000152508963082434,0.0007956501320262399,0.004976314551681819,0.0038543901618831302,0.0001402921597498653,-9.415449804089297e-06,0.0001321549468839704,4.117903890572084e-06,2.3745322373914354e-05,2.8193613284219987e-05,2.607169903823155e-09,2.142012308557417e-09,2.3258983820479213e-08,6.330591325933731e-07,2.4763706517280223e-05,1.4856323520021463e-05,1.9681890087281728e-08,8.865069501332519e-11,1.7464929985905036e-08
76,-0.000689063107121064,0.00947338039232176,0.00609807215952847,0.000270052701489175,-0.000256007977529769,-3.92464110695082e-06,-0.002718325014951614,0.00460046315786001,0.0007883063187196695,0.00021899224806557963,-0.00020972609869412297,-0.00015643360418938481,4.7480796559533497e-07,8.974493605762639e-05,3.718648406281622e-05,7.292846158160147e-08,6.55400845588827e-08,1.5402807818368158e-11,7.389290886911692e-06,2.1164261266827294e-05,6.214268521333572e-07,4.7957604712816366e-08,4.398503647345701e-08,2.4471472519681113e-08
77,0.00209496973539083,0.0037252644847554,0.00265719601787997,0.000151462070811257,-2.63725024046801e-05,6.74600002577369e-05,0.002784032842511894,-0.00574811590756636,-0.0034408761416484996,-0.00011859063067791803,0.00022963547512508888,7.138464136468772e-05,4.388898192203525e-06,1.3877595481379917e-05,7.060690677437171e-06,2.294075889443423e-08,6.955088830848578e-10,4.550851634773863e-09,7.750838868184857e-06,3.3040836486817444e-05,1.1839628622165865e-05,1.4063737684586351e-08,5.2732451435925315e-08,5.095767022765086e-09
78,0.00204079622330304,0.00652534724924417,0.00391061829377749,1.33634637924009e-05,-0.000141144988523365,0.00011853901498505,-5.417351208779038e-05,0.00280008276448877,0.0012534222758975194,-0.0001380986070188561,-0.0001147724861186849,5.1079014727313095e-05,4.164849225047951e-06,4.258015672321846e-05,1.5292935439627165e-05,1.7858216453080984e-10,1.9921907785260838e-08,1.4051498073625908e-08,2.9347694119259708e-09,7.840463487987075e-06,1.5710674017161171e-06,1.907122526054845e-08,1.3172723569863719e-08,2.6090657455130682e-09
79,3.3882735036699e-05,0.00305996519801281,0.00628532347103867,-9.68027621503566e-05,-0.000128829971052458,2.42005152364491e-05,-0.002006913488266341,-0.0034653820512313602,0.00237470517726118,-0.00011016622594275751,1.2315017470907011e-05,-9.433849974860089e-05,1.14803973356715e-09,9.363387013049576e-06,3.950529113558959e-05,9.370774759938514e-09,1.6597161441377164e-08,5.85664937709605e-10,4.027701749385373e-06,1.200887276099647e-05,5.639224678911053e-06,1.2136597338470697e-08,1.5165965530874492e-10,8.89975253481677e-09
80,-0.000306055796531318,0.00751707681014483,-0.000192892316519082,-0.000997272437358876,-0.00100401957806675,-2.98542872844861e-05,-0.000339938531568017,0.00445711161213202,-0.0064782157875577515,-0.0009004696752085193,-0.000875189607014292,-5.40548025209352e-05,9.367015059041953e-08,5.650644376961717e-05,3.720744577209772e-08,9.945523143157131e-07,1.0080553131413346e-06,8.912784692646284e-10,1.155582052446197e-07,1.9865843923002095e-05,4.19672797901625e-05,8.108456359701362e-07,7.659568482258309e-07,2.9219216755773025e-09
81,0.00107199120002793,0.00784734262807117,0.00215381070062942,8.53503688647029e-05,-7.65993082165624e-05,0.000105702371781098,0.001378046996559248,0.0003302658179263401,0.0023467030171485017,0.0010826228062235789,0.0009274202698501875,0.0001355566590655841,1.1491651329373215e-06,6.158078632234293e-05,4.638900534145792e-06,7.284685465340846e-09,5.867454019255923e-09,1.1172991400149462e-08,1.8990135247259643e-06,1.0907551049055443e-07,5.507015050693881e-06,1.1720721405554168e-06,8.601083569289947e-07,1.8375607817023002e-08
82,-0.0030945117709285,0.0115461808532741,-0.0055555171134106,-0.0012058823348018,-0.000346287326591146,4.6071237237025e-05,-0.004166502970956431,0.0036988382252029304,-0.00770932781404002,-0.001291232703666503,-0.0002696880183745836,-5.9631134544073e-05,9.576003100415042e-06,0.00013331429229651343,3.086377039739804e-05,1.4541522053870402e-06,1.1991491255764303e-07,2.122558900550239e-09,1.735974700698876e-05,1.3681404216222365e-05,5.9433735344331066e-05,1.6672818950179069e-06,7.273162725480975e-08,3.555872207013336e-09
83,-0.00392084863460672,0.00635171077582605,0.00250547833657524,-5.24018989191759e-05,0.000151115372417896,2.85947652679724e-05,-0.0008263368636782197,-0.00519447007744805,0.00806099544998584,0.001153480435882624,0.000497402699009042,-1.7476471969052602e-05,1.537305401549738e-05,4.0344229779744764e-05,6.277421695047832e-06,2.7459590103355283e-09,2.2835855780999404e-08,8.176606007304406e-10,6.828326122735566e-07,2.6982519385503153e-05,6.497964764469241e-05,1.3305171159639681e-06,2.4740944498147964e-07,3.054270724850813e-10
84,-0.000763544630783206,0.00752130327238609,0.00426416988579703,-6.51731010009679e-05,6.98924444624504e-05,-3.11962215992514e-05,0.003157304003823514,0.0011695924965600402,0.0017586915492217902,-1.2771202081792005e-05,-8.12229279554456e-05,-5.97909868672238e-05,5.830004031978623e-07,5.657000291520571e-05,1.8183144814938258e-05,4.247533094082363e-09,4.884953792936714e-09,9.732042420695995e-10,9.968568572559993e-06,1.3679466080095475e-06,3.0929959653041403e-06,1.6310360261396843e-10,6.597164025655507e-09,3.5749621105565287e-09
85,-0.0086209520256032,0.00520040697553369,0.00548001904633733,0.000691345942771697,-0.000624278623221944,0.00148299154280753,-0.007857407394819993,-0.0023208962968524005,0.0012158491605402996,0.0007565190437726648,-0.0006941710676843945,0.0015141877644067813,7.432081382775191e-05,2.704423271117946e-05,3.0030608748219898e-05,4.779592125868866e-07,3.8972379941188596e-07,2.199263916038658e-06,6.17388509681719e-05,5.386559620743186e-06,1.478289181186551e-06,5.723210635907072e-07,4.818734712100922e-07,2.2927645858792063e-06
86,0.00122516382329088,0.00686250272925493,-0.000432756162809296,0.000709521376386086,0.00101933828392869,0.000207295835828759,0.009846115848894079,0.0016620957537212405,-0.005912775209146626,1.817543361438902e-05,0.0016436169071506342,-0.001275695706978771,1.5010263939007266e-06,4.709394370903137e-05,1.8727789644942593e-07,5.034205835488059e-07,1.0390505370826867e-06,4.29715635519438e-08,9.694599730984318e-05,2.7625622945381787e-06,3.4960910673898925e-05,3.303463870710623e-10,2.7014765374714164e-06,1.6273995368040662e-06
87,0.000715449097787599,0.00461411858756498,-0.00218255793461688,-0.00103880258327319,-0.000409301638467509,-0.00186259337743795,-0.0005097147255032809,-0.0022483841416899505,-0.0017498017718075838,-0.001748323959659276,-0.0014286399223961991,-0.002069889213266709,5.118674115250895e-07,2.1290090340112643e-05,4.7635591379591e-06,1.079110807015053e-06,1.6752783125218745e-07,3.46925408967571e-06,2.5980910139488503e-07,5.0552312486028555e-06,3.0618062406209597e-06,3.05663666791869e-06,2.0410120278642177e-06,4.2844413551978756e-06
88,-0.000462740125856107,0.00181745652303951,0.00231454614795773,-6.5494145136348e-05,-2.63591240115756e-05,3.36059984299557e-05,-0.001178189223643706,-0.0027966620645254697,0.00449710408257461,0.0009733084381368421,0.0003829425144559334,0.0018961993758679057,2.1412842407732574e-07,3.3031482131388648e-06,5.3571238710259664e-06,4.289483047141017e-09,6.948034186576213e-10,1.1293631304741848e-09,1.3881298467101587e-06,7.821318703155863e-06,2.0223945129509228e-05,9.47329315748379e-07,1.4664496937783278e-07,3.595572073041835e-06
89,-0.00131995462643827,0.00596002837824029,0.00397493126361872,0.000350700200175897,0.000722208349879434,0.000532953306406962,-0.0008572145005821631,0.004142571855200779,0.0016603851156609898,0.000416194345312245,0.0007485674738910097,0.0004993473079770063,1.7422802158557931e-06,3.552193826942958e-05,1.5800078550493514e-05,1.229906304034142e-07,5.21584900635575e-07,2.8403922681011316e-07,7.348167000083272e-07,1.7160901575501628e-05,2.7568787323085586e-06,1.7321773306988823e-07,5.603532629675675e-07,2.493477339838832e-07
90,0.00374072598806584,0.00249759199859258,0.00204038915263198,-3.67219000605581e-05,-0.0001657348331228,0.000129122520671361,0.0050606806145041105,-0.0034624363796477097,-0.0019345421109867398,-0.0003874221002364551,-0.000887943183002234,-0.00040383078573560103,1.3993030917791154e-05,6.237965791433679e-06,4.163187894178249e-06,1.3484979440576168e-09,2.7468034910242366e-08,1.6672625344526048e-08,2.56104882820177e-05,1.1988465683107938e-05,3.7424531791810315e-06,1.5009588375162585e-07,7.884430962401388e-07,1.630793035078329e-07
91,-0.00327627731233189,-0.000107655920330379,0.00135904498628161,0.000475501261122969,-0.00050452417376624,0.00069962501414282,-0.00701700330039773,-0.002605247918922959,-0.0006813441663503701,0.000512223161183527,-0.00033878934064344004,0.000570502493471459,1.0733993027300673e-05,1.1589797182180911e-08,1.8470032747371815e-06,2.2610144932953394e-07,2.5454464191450717e-07,4.894751604143411e-07,4.9238335317792635e-05,6.78731671905241e-06,4.6422987301968074e-07,2.6237256685284553e-07,1.1477821733361685e-07,3.254730950571521e-07
92,0.000122928765330767,0.00238790268320274,0.00204395555912619,-6.65995247303063e-07,4.43405704802775e-06,1.6365496939931e-05,0.0033992060776626572,0.002495558603533119,0.0006849105728445799,-0.00047616725637027207,0.0005089582308142678,-0.000683259517202889,1.5111481345746785e-08,5.702079224446845e-06,4.177754327682855e-06,4.43549669430268e-13,1.9660861905164567e-11,2.6782949009089096e-10,1.1554601958418748e-05,6.227812743668171e-06,4.6910249279429056e-07,2.267352560391924e-07,2.590384807135895e-07,4.66843567848325e-07
93,0.00133926908231497,0.00385506413079646,0.00460189254256846,-0.000136551710676451,1.68471303814205e-05,6.25958490691852e-05,0.001216340316984203,0.0014671614475937201,0.0025579369834422697,-0.00013588571542914795,1.241307333339275e-05,4.6230352129254205e-05,1.793641674844782e-06,1.4861519452553466e-05,2.1177414973347203e-05,1.8646369688665184e-08,2.8382580208858167e-10,3.918240320692215e-09,1.4794837667212314e-06,2.1525627133053004e-06,6.543041611261738e-06,1.8464927657691378e-08,1.540843895801862e-10,2.137245457994839e-09
94,0.00105727763037455,0.00220955479205423,-0.000953318062606293,4.61412936778436e-05,-3.2962026893381e-05,4.69537603368022e-05,-0.0002819914519404201,-0.0016455093387422303,-0.005555210605174753,0.00018269300435429462,-4.98091572748015e-05,-1.5642088732383004e-05,1.1178359876904237e-06,4.882132379089811e-06,9.088153284914159e-07,2.1290189822650097e-09,1.0864952169199724e-09,2.2046556097658597e-09,7.951917896746625e-08,2.707700983887892e-06,3.0860364867846046e-05,3.337673383999831e-08,2.4809521484259113e-09,2.446749399117433e-10
95,-0.000267319510583982,0.00780055428038211,-0.00118406483442256,6.58515699688387e-05,2.60275527193796e-05,0.000108570265414001,-0.001324597140958532,0.005590999488327881,-0.00023074677181626703,1.9710276290995107e-05,5.8989579612760606e-05,6.16165050771988e-05,7.145972073885968e-08,6.084864708118766e-05,1.4020095321161243e-06,4.3364292673608595e-09,6.774335005600844e-10,1.178750253206662e-08,1.7545575858355172e-06,3.1259275278482626e-05,5.32440727036284e-08,3.8849499146736383e-10,3.4797705028902216e-09,3.7965936979284655e-09
96,-0.000983862267309482,0.00476921001512585,-0.000954476821685437,0.00024514862840837,-2.86641368706262e-05,-6.20017999386677e-06,-0.0007165427567254999,-0.0030313442652562606,0.00022958801273712296,0.0001792970584395313,-5.46916895900058e-05,-0.00011477044540786776,9.679849610353544e-07,2.2745364168376708e-05,9.110260031347335e-07,6.009785001050506e-08,8.216327425379924e-10,3.844223195634574e-11,5.134335222157789e-07,9.189048054502019e-06,5.271065559258133e-08,3.21474351650687e-08,2.991180910209549e-09,1.3172255139120355e-08
97,0.000291376797111336,0.00656362697851766,-0.00197080219063161,0.000168897791396688,3.55881891072835e-05,0.000140766281161758,0.001275239064420818,0.00179441696339181,-0.001016325368946173,-7.625083701168198e-05,6.42523259779097e-05,0.00014696646115562478,8.490043789486067e-08,4.308119911312486e-05,3.884061274598353e-06,2.8526463938679135e-08,1.2665192039357721e-09,1.9815145912111106e-08,1.626234671424883e-06,3.2199322385082843e-06,1.0329172555635748e-06,5.81419014498209e-09,4.128361393571569e-09,2.1599140704607767e-08
98,-0.00144410729917052,0.0100479908324332,-0.00517019276254928,0.000214853907931738,0.000153743364850783,0.00011326568523897,-0.001735484096281856,0.0034843638539155406,-0.00319939057191767,4.5956116535049993e-05,0.00011815517574349949,-2.7500595922788008e-05,2.0854458915175737e-06,0.00010096211976866164,2.673089320191696e-05,4.616220175353975e-08,2.3637022235640975e-08,1.2829115452653427e-08,3.0119050484472503e-06,1.214079146647316e-05,1.0236100031675676e-05,2.1119646469830953e-09,1.396064555497725e-08,7.562827761084645e-10
99,0.000175074045872587,0.00961814919396438,-0.00267852664551754,0.000275908376665783,0.000593989489811803,0.000805871773818467,0.001619181345043107,-0.00042984163846881973,0.0024916661170317402,6.105446873404499e-05,0.0004402461249610201,0.0006926060885794969,3.06509215381967e-08,9.250879391735767e-05,7.174504990747446e-06,7.612543231434758e-08,3.5282351400688605e-07,6.494293158373224e-07,2.621748228135605e-06,1.8476383416155952e-07,6.20840003876403e-06,3.727648152396477e-09,1.9381665054319412e-07,4.7970319393739e-07
100,-0.00056083142984892,0.00943064937893474,-0.00377692747799511,-0.000571817655614838,7.47039446538609e-05,0.00014856926285316,-0.000735905475721507,-0.00018749981502963996,-0.0010984008324775698,-0.0008477260322806209,-0.0005192855451579422,-0.000657302510965307,3.145318927063841e-07,8.893714770840221e-05,1.4265181174034501e-05,3.2697543127284946e-07,5.5806793468471134e-09,2.207282586473135e-08,5.415568691968975e-07,3.51561806361492e-08,1.2064843887874183e-06,7.186394258062444e-07,2.696574774099812e-07,4.320465909212975e-07
101,-0.00180497975530441,0.00681028521039645,-0.00460988042845991,-0.000209961046642674,4.176344606567e-05,-4.20858401537189e-06,-0.0012441483254554899,-0.00262036416853829,-0.0008329529504648003,0.00036185660897216395,-3.294049858819091e-05,-0.0001527778468685319,3.2579519170587675e-06,4.6379984646944625e-05,2.1250997564697725e-05,4.408364110728713e-08,1.7441854272801268e-09,1.771217941444378e-11,1.5479050557336996e-06,6.866308375759364e-06,6.93810617688016e-07,1.3094020545683357e-07,1.0850764472386073e-09,2.334107049378458e-08
102,-0.00346830202567179,0.00943188317269318,-0.00805112680026763,-0.000297164753403325,0.000243310542998489,0.000151947655450375,-0.0016633222703673802,0.002621597962296729,-0.0034412463718077203,-8.7203706760651e-05,0.000201547096932819,0.0001561562394657469,1.2029118941279043e-05,8.896042018333276e-05,6.48206427539877e-05,8.830689066525897e-08,5.920002033421957e-08,2.3088089996865876e-08,2.7666409751000964e-06,6.872775875918362e-06,1.1842176591479798e-05,7.60448647279761e-09,4.062123228204714e-08,2.4384771124083686e-08
103,0.00103297785790277,0.00229913077588897,-0.00515334822903167,0.000108753227398449,2.50535165417879e-05,0.000135122270916808,0.00450127988357456,-0.007132752396804209,0.0028977785712359606,0.000405917980801774,-0.0002182570264567011,-1.6825384533567005e-05,1.067043254917395e-06,5.2860023246398185e-06,2.6556997969663848e-05,1.1827264469578758e-08,6.2767869110964e-10,1.825802809771526e-08,2.0261520590273006e-05,5.087615675411619e-05,8.397120647914325e-06,1.6476940713818935e-07,4.763612959772113e-08,2.830935647023958e-10
104,-0.00244103694958344,0.00617553218006516,-0.00235333175453746,-0.000135923907033925,5.62238117980852e-06,3.58022778413145e-05,-0.00347401480748621,0.0038764014041761897,0.0028000164744942098,-0.000244677134432374,-1.943113536197938e-05,-9.93199930754935e-05,5.958661389231625e-06,3.813719770702035e-05,5.53817034691436e-06,1.8475308503367084e-08,3.161117013106505e-11,1.281803098626679e-09,1.2068778882633447e-05,1.5026487846299136e-05,7.840092257438984e-06,5.986690011403801e-08,3.775690214555656e-10,9.864461024516078e-09
105,-0.00183764412099035,1.20815298458583e-05,-0.00669830907761938,0.000235212873342904,0.000101973482449178,-9.19581239836823e-06,0.0006033928285930899,-0.006163450650219302,-0.0043449773230819205,0.000371136780376829,9.635110126936948e-05,-4.499809023968273e-05,3.3769359154103957e-06,1.4596336341636487e-10,4.486734449931819e-05,5.5325095786224996e-08,1.0398591122812814e-08,8.456296566598286e-11,3.6408290559756996e-07,3.7988123917688735e-05,1.887882793809613e-05,1.377425097484786e-07,9.283534715820292e-09,2.02482812521863e-09
106,-0.0040368194399237,0.00427958249413339,-0.00928919781974424,-0.000334591577054583,-0.000288966790180857,0.000143343352169637,-0.0021991753189333505,0.004267500964287532,-0.0025908887421248602,-0.000569804450397487,-0.00039094027263003497,0.00015253916456800523,1.6295911190545897e-05,1.8314826324092967e-05,8.628919613434115e-05,1.1195152343587296e-07,8.350180582742743e-08,2.0547316611228577e-08,4.836372083405604e-06,1.8211564480195018e-05,6.712704474069341e-06,3.2467711169278223e-07,1.5283429676404608e-07,2.3268196727104983e-08
107,0.000247465997734678,0.00388307815733917,-0.00354913947923369,6.80391137224277e-05,2.83630420406603e-05,2.95800046396979e-05,0.004284285437658379,-0.0003965043367942199,0.0057400583405105505,0.00040263069077701075,0.00031732983222151727,-0.0001137633475299391,6.123942003481967e-08,1.5078295976004566e-05,1.2596391043055187e-05,4.62932099613345e-09,8.044621538002636e-10,8.749766744845492e-10,1.8355101711331648e-05,1.5721568909662415e-07,3.2948269752464734e-05,1.6211147315557286e-07,1.006982224177363e-07,1.2942099241217701e-08
108,-0.00132398948311801,0.00630450634397782,-0.00564844110791402,-0.000424161105430833,0.000293241885444066,0.000591620979404834,-0.001571455480852688,0.0024214281866386496,-0.0020993016286803305,-0.0004922002191532607,0.00026487884340340573,0.0005620409747651361,1.7529481514070953e-06,3.9746800241256576e-05,3.190488694957296e-05,1.7991264336030622e-07,8.599080337879073e-08,3.50015383271935e-07,2.4694723283019527e-06,5.863314463048139e-06,4.407067328179888e-06,2.422610557345178e-07,7.016080168272594e-08,3.1589005731494437e-07
109,-0.00561155205934722,0.00080211507797408,-0.00319902825636517,0.000172822620558041,0.000178535551811038,3.5087560660167e-05,-0.00428756257622921,-0.00550239126600374,0.0024494128515488503,0.000596983725988874,-0.000114706333633028,-0.000556533418744667,3.148951651476403e-05,6.433885983133645e-07,1.023378178502278e-05,2.9867658176548616e-08,3.187494326047184e-08,1.2311369130808988e-09,1.838319284508126e-05,3.0276309644194236e-05,5.99962331733267e-06,3.56389569095559e-07,1.3157542975531532e-08,3.0972944617962685e-07
110,0.00196159090909279,0.0140582868515399,-0.00845215742639504,-0.00127238727153071,0.000835413126723101,0.00033785036409488,0.00757314296844001,0.013256171773565821,-0.005253129170029869,-0.001445209892088751,0.000656877574912063,0.000302762803434713,3.847838894635478e-06,0.00019763542920017964,7.143896516056481e-05,1.618969368753365e-06,6.97915092301268e-07,1.1414286851904299e-07,5.7352494420432366e-05,0.0001757260900902832,2.75953660770187e-05,2.0886316321911793e-06,4.3148814842235293e-07,9.166531514364666e-08
111,-0.00475281147929947,0.0129599154116716,-0.0119546459698528,-0.000569806044967295,0.000400924449849965,0.000743765973942125,-0.00671440238839226,-0.0010983714398683005,-0.003502488543457761,0.000702581226563415,-0.000434488676873136,0.00040591560984724504,2.2589216957760815e-05,0.00016795940747768307,0.0001429135602645178,3.2467892888127107e-07,1.607404144874971e-07,5.531878239940778e-07,4.508319943324768e-05,1.2064198199183637e-06,1.2267425997052869e-05,4.936203799193528e-07,1.887804103309684e-07,1.6476748231766084e-07
112,-0.00364628904918486,0.00358711306977994,-0.00440972602947642,0.000625393415907487,-0.000331226650789709,0.000169003486751717,0.0011065224301146101,-0.00937280234189166,0.007544919940376381,0.001195199460874782,-0.000732151100639674,-0.0005747624871904081,1.329542383020543e-05,1.2867380175386065e-05,1.944568365504187e-05,3.9111692466043496e-07,1.0971109419336785e-07,2.8562178534237787e-08,1.2243918883467423e-06,8.784942374016979e-05,5.6925816906689125e-05,1.4285017512753696e-06,5.360452341678861e-07,3.3035191668130397e-07
113,-0.000141780103273937,0.00214574418739442,-0.00673944688085067,0.000401722210766351,-9.01970492804265e-05,5.2458668138497e-05,0.003504508945910923,-0.0014413688823855198,-0.00232972085137425,-0.00022367120514113595,0.0002410296015092825,-0.00011654481861322002,2.010159768436824e-08,4.60421811773694e-06,4.5420144259807823e-05,1.6138073462300453e-07,8.135507698895687e-09,2.75191186286496e-09,1.2281582951969688e-05,2.0775442551092826e-06,5.427599245327961e-06,5.002880800928812e-08,5.809526880372352e-08,1.3582694745588356e-08
114,-0.00627104740288144,0.00792514656535254,-0.00740830591220875,-0.000584495337427919,0.000101752704142729,0.00145750718210431,-0.006129267299607503,0.00577940237795812,-0.0006688590313580801,-0.00098621754819427,0.0001919497534231555,0.001405048513965813,3.9326035529186055e-05,6.280794808231916e-05,5.488299648886712e-05,3.416347994749769e-07,1.035361280035774e-08,2.124327185885646e-06,3.756791763003785e-05,3.340149184634797e-05,4.4737240382926923e-07,9.726250523663174e-07,3.68447078392102e-08,1.974161326597539e-06
115,-0.000424071050084002,0.00634084930722754,-0.00710456981337794,0.000150038345227317,-5.56761587730309e-05,8.72995349160351e-05,0.005846976352797438,-0.0015842972581249998,0.0003037360988308096,0.000734533682655236,-0.0001574288629157599,-0.0013702076471882748,1.798362555193481e-07,4.0206369936967975e-05,5.0474912233161065e-05,2.2511505038551554e-08,3.099834655719746e-09,7.621208796556031e-09,3.4187132470172435e-05,2.5099978021023923e-06,9.225561773295934e-08,5.39539730955063e-07,2.4783846878949125e-08,1.8774689964132278e-06
116,-0.000163260030744927,0.00372874841354717,-0.00595646482582269,0.000411745785385303,-1.51951245202135e-06,-4.23711574484817e-07,0.00026081101933907495,-0.00261210089368037,0.0011481049875552507,0.00026170744015798603,5.415664632100955e-05,-8.772324649051992e-05,2.665383763883451e-08,1.3903564731530538e-05,3.5479473221262927e-05,1.6953459178256e-07,2.3089180918479355e-12,1.7953149835240263e-13,6.802238780868733e-08,6.823071078765788e-06,1.3181450624492425e-06,6.849078423404584e-08,2.9329423407389172e-09,7.695367974836514e-09
117,-0.00295419864443262,0.00814386421352585,-0.00767543584692926,0.000243487504351843,0.000154215676440483,0.00018911653905246,-0.002790938613687693,0.00441511579997868,-0.0017189710211065702,-0.00016825828103346,0.00015573518889250434,0.00018954025062694482,8.72728963076753e-06,6.632252432834702e-05,5.8912315440326686e-05,5.9286164775488764e-08,2.3782474859995744e-08,3.576506534318063e-08,7.78933834537298e-06,1.9493247527221384e-05,2.9548613714041643e-06,2.8310849136334806e-08,2.4253449059384007e-08,3.592550660772506e-08
118,-0.0036449315768735,0.00631824952402351,-0.00933070710487539,0.000348796194169042,-5.74105500457349e-05,-1.12568184007169e-05,-0.00069073293244088,-0.0018256146895023403,-0.0016552712579461304,0.00010530868981719902,-0.0002116262264862179,-0.0002003733574531769,1.328552620008954e-05,3.992027704782331e-05,8.706209507697208e-05,1.2165878506680806e-07,3.2959712565538315e-09,1.2671596050671856e-10,4.771119839583773e-07,3.3328689945267264e-06,2.739922937382565e-06,1.1089920151015037e-08,4.4785659736796e-08,4.01494823770586e-08
119,-0.0027689129306955,0.0057691646478117,-0.0061421046464652,5.89709171542499e-05,0.000132536292646492,0.000150762946757169,0.0008760186461780001,-0.0005490848762118097,0.0031886024584101905,-0.00028982527701479214,0.0001899468426922269,0.0001620197651578859,7.666878817772742e-06,3.32832607335603e-05,3.77254494881294e-05,3.477569070013405e-09,1.7565868868476567e-08,2.2729466114904977e-08,7.674086684515362e-07,3.014942012845384e-07,1.0167185637779511e-05,8.3998691196701e-08,3.607980304874559e-08,2.6250404301816497e-08
